Workbook

Sheet Weekly plan
A1: Weekly plan for each section - enter on the Data Entry tab (there is no import for this)
A2: Same for sections A and B of each class: enter it for A, then use Copy to other sections. Where two teachers are listed, pick both in the teacher picker and the timetable chooses one.
A4: Subject | B4: Class 6 periods | C4: Class 6 teacher | D4: Class 7 periods | E4: Class 7 teacher | F4: Class 8 periods | G4: Class 8 teacher
A5: English Lang | B5: 3 | C5: Deepti | D5: 3 | E5: Deepti / Shobana | F5: 3 | G5: Shivani
A6: English Lit | B6: 3 | C6: Deepti | D6: 3 | E6: Deepti | F6: 3 | G6: Deepti / Anjana
A7: Hindi | B7: 5 | C7: Praveen | D7: 5 | E7: Praveen | F7: 5 | G7: Praveen / Kiran
A8: Maths | B8: 6 | C8: Muthu | D8: 6 | E8: Ashutosh | F8: 6 | G8: Ashutosh
A9: Physics | B9: 2 | C9: Akshma | D9: 2 | E9: Aman | F9: 2 | G9: Vivek
A10: Chemistry | B10: 2 | C10: Akshma | D10: 2 | E10: Akshma | F10: 2 | G10: Akshma
A11: Biology | B11: 2 | C11: Shakuran | D11: 2 | E11: Sumriti | F11: 2 | G11: Deepak
A12: Hist/Civ | B12: 3 | C12: Usha | D12: 3 | E12: Usha | F12: 3 | G12: Ajay
A13: Geography | B13: 2 | C13: Ajay | D13: 2 | E13: Ajay | F13: 2 | G13: Swastika
A14: Computer | B14: 2 | C14: Muthu / Vivek | D14: 2 | E14: Vikas | F14: 2 | G14: Vikas
A15: German | B15: 2 | C15: Gurmeet | D15: 2 | E15: Gurmeet | F15: 2 | G15: Gurmeet
A16: M.Sc | B16: 1 | C16: Susan | D16: 1 | E16: Susan | F16: 1 | G16: Susan
... A22: SUPW | B22: 1 | C22: Usha | D22: 1 | E22: Stella | F22: 1 | G22: Stella
A23: TOTAL | B23: =SUM(B5:B22) -> 40 | D23: =SUM(D5:D22) -> 40 | F23: =SUM(F5:F22) -> 40

Sheet Teacher load
A1: Teacher | B1: Periods a week (both sections, first-listed teacher) | C1: Note
A2: Ajay | B2: =2*(SUMPRODUCT((LEFT('Weekly plan'!C5:C22,LEN("Ajay"))="Ajay")*'Weekly plan'!B5:B22)+SUMPRODUCT((LEFT('Weekly plan'!E5:E22,LEN("Ajay"))="Ajay")*'Weekly plan'!D5:D22)+SUMPRODUCT((LEFT('Weekly plan'!G5:G22,LEN("Ajay"))="Ajay")*'Weekly plan'!F5:F22)) -> 14 | C2: Shared subjects (two names) count against the first name only
A3: Akshma | B3: =2*(SUMPRODUCT((LEFT('Weekly plan'!C5:C22,LEN("Akshma"))="Akshma")*'Weekly plan'!B5:B22)+SUMPRODUCT((LEFT('Weekly plan'!E5:E22,LEN("Akshma"))="Akshma")*'Weekly plan'!D5:D22)+SUMPRODUCT((LEFT('Weekly plan'!G5:G22,LEN("Akshma"))="Akshma")*'Weekly plan'!F5:F22)) -> 22 | C3: Shared subjects (two names) count against the first name only
A4: Aman | B4: =2*(SUMPRODUCT((LEFT('Weekly plan'!C5:C22,LEN("Aman"))="Aman")*'Weekly plan'!B5:B22)+SUMPRODUCT((LEFT('Weekly plan'!E5:E22,LEN("Aman"))="Aman")*'Weekly plan'!D5:D22)+SUMPRODUCT((LEFT('Weekly plan'!G5:G22,LEN("Aman"))="Aman")*'Weekly plan'!F5:F22)) -> 4 | C4: Shared subjects (two names) count against the first name only
A5: Anjana | B5: =2*(SUMPRODUCT((LEFT('Weekly plan'!C5:C22,LEN("Anjana"))="Anjana")*'Weekly plan'!B5:B22)+SUMPRODUCT((LEFT('Weekly plan'!E5:E22,LEN("Anjana"))="Anjana")*'Weekly plan'!D5:D22)+SUMPRODUCT((LEFT('Weekly plan'!G5:G22,LEN("Anjana"))="Anjana")*'Weekly plan'!F5:F22)) -> 0 | C5: Shared subjects (two names) count against the first name only
A6: Ashutosh | B6: =2*(SUMPRODUCT((LEFT('Weekly plan'!C5:C22,LEN("Ashutosh"))="Ashutosh")*'Weekly plan'!B5:B22)+SUMPRODUCT((LEFT('Weekly plan'!E5:E22,LEN("Ashutosh"))="Ashutosh")*'Weekly plan'!D5:D22)+SUMPRODUCT((LEFT('Weekly plan'!G5:G22,LEN("Ashutosh"))="Ashutosh")*'Weekly plan'!F5:F22)) -> 26 | C6: Shared subjects (two names) count against the first name only
A7: Deepak | B7: =2*(SUMPRODUCT((LEFT('Weekly plan'!C5:C22,LEN("Deepak"))="Deepak")*'Weekly plan'!B5:B22)+SUMPRODUCT((LEFT('Weekly plan'!E5:E22,LEN("Deepak"))="Deepak")*'Weekly plan'!D5:D22)+SUMPRODUCT((LEFT('Weekly plan'!G5:G22,LEN("Deepak"))="Deepak")*'Weekly plan'!F5:F22)) -> 4 | C7: Shared subjects (two names) count against the first name only
A8: Deepti | B8: =2*(SUMPRODUCT((LEFT('Weekly plan'!C5:C22,LEN("Deepti"))="Deepti")*'Weekly plan'!B5:B22)+SUMPRODUCT((LEFT('Weekly plan'!E5:E22,LEN("Deepti"))="Deepti")*'Weekly plan'!D5:D22)+SUMPRODUCT((LEFT('Weekly plan'!G5:G22,LEN("Deepti"))="Deepti")*'Weekly plan'!F5:F22)) -> 36 | C8: Shared subjects (two names) count against the first name only
A9: Gurmeet | B9: =2*(SUMPRODUCT((LEFT('Weekly plan'!C5:C22,LEN("Gurmeet"))="Gurmeet")*'Weekly plan'!B5:B22)+SUMPRODUCT((LEFT('Weekly plan'!E5:E22,LEN("Gurmeet"))="Gurmeet")*'Weekly plan'!D5:D22)+SUMPRODUCT((LEFT('Weekly plan'!G5:G22,LEN("Gurmeet"))="Gurmeet")*'Weekly plan'!F5:F22)) -> 12 | C9: Shared subjects (two names) count against the first name only
A10: Kiran | B10: =2*(SUMPRODUCT((LEFT('Weekly plan'!C5:C22,LEN("Kiran"))="Kiran")*'Weekly plan'!B5:B22)+SUMPRODUCT((LEFT('Weekly plan'!E5:E22,LEN("Kiran"))="Kiran")*'Weekly plan'!D5:D22)+SUMPRODUCT((LEFT('Weekly plan'!G5:G22,LEN("Kiran"))="Kiran")*'Weekly plan'!F5:F22)) -> 0 | C10: Shared subjects (two names) count against the first name only
A11: Lakhan | B11: =2*(SUMPRODUCT((LEFT('Weekly plan'!C5:C22,LEN("Lakhan"))="Lakhan")*'Weekly plan'!B5:B22)+SUMPRODUCT((LEFT('Weekly plan'!E5:E22,LEN("Lakhan"))="Lakhan")*'Weekly plan'!D5:D22)+SUMPRODUCT((LEFT('Weekly plan'!G5:G22,LEN("Lakhan"))="Lakhan")*'Weekly plan'!F5:F22)) -> 12 | C11: Shared subjects (two names) count against the first name only
A12: Linz | B12: =2*(SUMPRODUCT((LEFT('Weekly plan'!C5:C22,LEN("Linz"))="Linz")*'Weekly plan'!B5:B22)+SUMPRODUCT((LEFT('Weekly plan'!E5:E22,LEN("Linz"))="Linz")*'Weekly plan'!D5:D22)+SUMPRODUCT((LEFT('Weekly plan'!G5:G22,LEN("Linz"))="Linz")*'Weekly plan'!F5:F22)) -> 4 | C12: Shared subjects (two names) count against the first name only
A13: Muthu | B13: =2*(SUMPRODUCT((LEFT('Weekly plan'!C5:C22,LEN("Muthu"))="Muthu")*'Weekly plan'!B5:B22)+SUMPRODUCT((LEFT('Weekly plan'!E5:E22,LEN("Muthu"))="Muthu")*'Weekly plan'!D5:D22)+SUMPRODUCT((LEFT('Weekly plan'!G5:G22,LEN("Muthu"))="Muthu")*'Weekly plan'!F5:F22)) -> 16 | C13: Shared subjects (two names) count against the first name only
A14: Praveen | B14: =2*(SUMPRODUCT((LEFT('Weekly plan'!C5:C22,LEN("Praveen"))="Praveen")*'Weekly plan'!B5:B22)+SUMPRODUCT((LEFT('Weekly plan'!E5:E22,LEN("Praveen"))="Praveen")*'Weekly plan'!D5:D22)+SUMPRODUCT((LEFT('Weekly plan'!G5:G22,LEN("Praveen"))="Praveen")*'Weekly plan'!F5:F22)) -> 30 | C14: Shared subjects (two names) count against the first name only
A15: Shakuran | B15: =2*(SUMPRODUCT((LEFT('Weekly plan'!C5:C22,LEN("Shakuran"))="Shakuran")*'Weekly plan'!B5:B22)+SUMPRODUCT((LEFT('Weekly plan'!E5:E22,LEN("Shakuran"))="Shakuran")*'Weekly plan'!D5:D22)+SUMPRODUCT((LEFT('Weekly plan'!G5:G22,LEN("Shakuran"))="Shakuran")*'Weekly plan'!F5:F22)) -> 4 | C15: Shared subjects (two names) count against the first name only
A16: Shivani | B16: =2*(SUMPRODUCT((LEFT('Weekly plan'!C5:C22,LEN("Shivani"))="Shivani")*'Weekly plan'!B5:B22)+SUMPRODUCT((LEFT('Weekly plan'!E5:E22,LEN("Shivani"))="Shivani")*'Weekly plan'!D5:D22)+SUMPRODUCT((LEFT('Weekly plan'!G5:G22,LEN("Shivani"))="Shivani")*'Weekly plan'!F5:F22)) -> 6 | C16: Shared subjects (two names) count against the first name only
A17: Shobana | B17: =2*(SUMPRODUCT((LEFT('Weekly plan'!C5:C22,LEN("Shobana"))="Shobana")*'Weekly plan'!B5:B22)+SUMPRODUCT((LEFT('Weekly plan'!E5:E22,LEN("Shobana"))="Shobana")*'Weekly plan'!D5:D22)+SUMPRODUCT((LEFT('Weekly plan'!G5:G22,LEN("Shobana"))="Shobana")*'Weekly plan'!F5:F22)) -> 0 | C17: Shared subjects (two names) count against the first name only
A18: Stella | B18: =2*(SUMPRODUCT((LEFT('Weekly plan'!C5:C22,LEN("Stella"))="Stella")*'Weekly plan'!B5:B22)+SUMPRODUCT((LEFT('Weekly plan'!E5:E22,LEN("Stella"))="Stella")*'Weekly plan'!D5:D22)+SUMPRODUCT((LEFT('Weekly plan'!G5:G22,LEN("Stella"))="Stella")*'Weekly plan'!F5:F22)) -> 10 | C18: Shared subjects (two names) count against the first name only
A19: Suman | B19: =2*(SUMPRODUCT((LEFT('Weekly plan'!C5:C22,LEN("Suman"))="Suman")*'Weekly plan'!B5:B22)+SUMPRODUCT((LEFT('Weekly plan'!E5:E22,LEN("Suman"))="Suman")*'Weekly plan'!D5:D22)+SUMPRODUCT((LEFT('Weekly plan'!G5:G22,LEN("Suman"))="Suman")*'Weekly plan'!F5:F22)) -> 0 | C19: Shared subjects (two names) count against the first name only
A20: Sumriti | B20: =2*(SUMPRODUCT((LEFT('Weekly plan'!C5:C22,LEN("Sumriti"))="Sumriti")*'Weekly plan'!B5:B22)+SUMPRODUCT((LEFT('Weekly plan'!E5:E22,LEN("Sumriti"))="Sumriti")*'Weekly plan'!D5:D22)+SUMPRODUCT((LEFT('Weekly plan'!G5:G22,LEN("Sumriti"))="Sumriti")*'Weekly plan'!F5:F22)) -> 4 | C20: Shared subjects (two names) count against the first name only
A21: Susan | B21: =2*(SUMPRODUCT((LEFT('Weekly plan'!C5:C22,LEN("Susan"))="Susan")*'Weekly plan'!B5:B22)+SUMPRODUCT((LEFT('Weekly plan'!E5:E22,LEN("Susan"))="Susan")*'Weekly plan'!D5:D22)+SUMPRODUCT((LEFT('Weekly plan'!G5:G22,LEN("Susan"))="Susan")*'Weekly plan'!F5:F22)) -> 6 | C21: Shared subjects (two names) count against the first name only
A22: Swastika | B22: =2*(SUMPRODUCT((LEFT('Weekly plan'!C5:C22,LEN("Swastika"))="Swastika")*'Weekly plan'!B5:B22)+SUMPRODUCT((LEFT('Weekly plan'!E5:E22,LEN("Swastika"))="Swastika")*'Weekly plan'!D5:D22)+SUMPRODUCT((LEFT('Weekly plan'!G5:G22,LEN("Swastika"))="Swastika")*'Weekly plan'!F5:F22)) -> 4 | C22: Shared subjects (two names) count against the first name only
A23: Usha | B23: =2*(SUMPRODUCT((LEFT('Weekly plan'!C5:C22,LEN("Usha"))="Usha")*'Weekly plan'!B5:B22)+SUMPRODUCT((LEFT('Weekly plan'!E5:E22,LEN("Usha"))="Usha")*'Weekly plan'!D5:D22)+SUMPRODUCT((LEFT('Weekly plan'!G5:G22,LEN("Usha"))="Usha")*'Weekly plan'!F5:F22)) -> 14 | C23: Shared subjects (two names) count against the first name only
A24: Vikas | B24: =2*(SUMPRODUCT((LEFT('Weekly plan'!C5:C22,LEN("Vikas"))="Vikas")*'Weekly plan'!B5:B22)+SUMPRODUCT((LEFT('Weekly plan'!E5:E22,LEN("Vikas"))="Vikas")*'Weekly plan'!D5:D22)+SUMPRODUCT((LEFT('Weekly plan'!G5:G22,LEN("Vikas"))="Vikas")*'Weekly plan'!F5:F22)) -> 8 | C24: Shared subjects (two names) count against the first name only
A25: Vivek | B25: =2*(SUMPRODUCT((LEFT('Weekly plan'!C5:C22,LEN("Vivek"))="Vivek")*'Weekly plan'!B5:B22)+SUMPRODUCT((LEFT('Weekly plan'!E5:E22,LEN("Vivek"))="Vivek")*'Weekly plan'!D5:D22)+SUMPRODUCT((LEFT('Weekly plan'!G5:G22,LEN("Vivek"))="Vivek")*'Weekly plan'!F5:F22)) -> 4 | C25: Shared subjects (two names) count against the first name only
