Workbook

Sheet Read me
A1: Timetablz constraint catalogue and phrasing set
A2: Every kind of rule a school admin might type, with examples and the many ways each can be worded. Use it to test and improve the constraint parser (app/services/llm_constraint_parser.py).
A4: Tabs
A5: Constraint types: 100 rule types across 15 categories, each with one example, the parser type it maps to today, and its status.
A6: Phrasings: 332 real-world wordings, each tagged with its style and the parse we'd expect. This is your test set: feed each phrasing to the parser and compare to 'Expected parse'.
A7: Ways of asking: the 44 ways the same rule can be worded (scope, synonyms, Hinglish, typos, shorthand, etc.).
A8: Traps: 23 ambiguous or tricky wordings and what the parser should do with each.
A9: Coverage: live counts by status (formulas).
A11: Status legend
A12: Supported | B12: The parser has a type for it and the solver enforces it.
A13: Partly supported | B13: Can be expressed by expanding into supported rules (e.g. 'only Mon/Wed/Fri' -> unavailable on the other days), or only some variants work.
A14: Not yet (saved as note) | B14: Parser falls back to scheduling_rule: saved and shown, but not enforced.
A15: Setup data (not a rule) | B15: Belongs on the Data/Setup screens (subjects per week, rooms, periods, breaks, batches), not the Constraints tab.
A16: Edit command | B16: A change to an existing timetable (swap, lock, substitute), not a weekly rule.
A17: Needs clarification | B17: Too vague, contradictory, or refers to an unknown name - the right answer is to ask.
A19: Sample school used in the examples
A20: Teachers: Mrs. Rao (Maths), Mr. Khan (Science), Priya Sharma (English), Arjun Mehta (PE), Ms. Das (Hindi), Mr. Iyer (Computer Science)
A21: Subjects: Maths, Science, English, Hindi, Kannada, Sanskrit, PE, Computer Science, Art, Music, Library, Physics, Chemistry, Biology
A22: Classes: Nursery to Grade 12, sections A-C (e.g. 'Grade 8 - A'). Days: 0 = Monday ... 5 = Saturday.
A23: Parser types today: workload_limit, availability, subject_period_position, subject_day_position, max_consecutive_periods, min_gap_between_subjects, max_subject_periods_per_day, subject_sequence, scheduling_rule (catch-all). Every type also takes strength = hard/soft.

Sheet Constraint types
A1: ID | B1: Category | C1: Constraint | D1: What it means | E1: Example | F1: Timetablz type today | G1: Status | H1: Usually | I1: Fields to extract | J1: Phrasings
A2: C001 | B2: Teacher availability | C2: Teacher unavailable on a whole day | D2: Teacher cannot be scheduled at all on a given weekday | E2: Mrs. Rao doesn't come on Saturdays | F2: availability | G2: Supported | H2: Hard | I2: teacher, day | J2: =COUNTIF(Phrasings!$B:$B,A2) -> 20
A3: C002 | B3: Teacher availability | C3: Teacher available only on certain days | D3: Teacher works only some days; every other day is unavailable | E3: Arjun sir only comes Monday, Wednesday and Friday | F3: availability (one per missing day) | G3: Partly supported | H3: Hard | I3: teacher, allowed days -> expand to unavailable days | J3: =COUNTIF(Phrasings!$B:$B,A3) -> 8
A4: C003 | B4: Teacher availability | C4: Teacher unavailable in a specific period | D4: Teacher cannot take one period number (every day or on one day) | E4: Mr. Khan can't take the first period on Tuesdays | F4: scheduling_rule | G4: Not yet (saved as note) | H4: Hard | I4: teacher, period, day(optional) | J4: =COUNTIF(Phrasings!$B:$B,A4) -> 7
A5: C004 | B5: Teacher availability | C5: Teacher available only in a time window | D5: Teacher works only part of the day (half-day, till a time, from a time) | E5: Priya ma'am leaves at 12:30 every day | F5: scheduling_rule | G5: Not yet (saved as note) | H5: Hard | I5: teacher, start/end time or period, days | J5: =COUNTIF(Phrasings!$B:$B,A5) -> 6
A6: C005 | B6: Teacher availability | C6: Teacher arrives late / leaves early on some days | D6: Unavailable for the first or last N periods on specific days | E6: Ms. Das comes only after the second period on Thursdays | F6: scheduling_rule | G6: Not yet (saved as note) | H6: Hard | I6: teacher, day, periods blocked | J6: =COUNTIF(Phrasings!$B:$B,A6) -> 3
A7: C006 | B7: Teacher availability | C7: Teacher shared with another school/branch/wing | D7: Teacher is only free in slots the other school does not use | E7: Mr. Iyer teaches at our junior branch on Tuesday and Thursday mornings | F7: scheduling_rule | G7: Not yet (saved as note) | H7: Hard | I7: teacher, days, time window | J7: =COUNTIF(Phrasings!$B:$B,A7) -> 3
A8: C007 | B8: Teacher availability | C8: Teacher prefers mornings / afternoons | D8: Soft preference for when a teacher teaches | E8: Mrs. Rao would like her classes in the morning if possible | F8: scheduling_rule | G8: Not yet (saved as note) | H8: Soft | I8: teacher, preferred window, strength | J8: =COUNTIF(Phrasings!$B:$B,A8) -> 3
A9: C008 | B9: Teacher availability | C9: Teacher on leave for dates / weeks | D9: Date-based absence rather than weekly pattern (usually a substitution, not a timetable rule) | E9: Mr. Khan is on leave from 10 to 14 November | F9: scheduling_rule | G9: Not yet (saved as note) | H9: Hard | I9: teacher, date range | J9: =COUNTIF(Phrasings!$B:$B,A9) -> 3
A10: C009 | B10: Teacher availability | C10: Teacher has a fixed non-teaching duty | D10: Teacher busy in a slot for duty (bus, exam cell, coordinator, sports coaching) | E10: Arjun has cricket coaching every Friday last two periods | F10: scheduling_rule | G10: Not yet (saved as note) | H10: Hard | I10: teacher, day, periods | J10: =COUNTIF(Phrasings!$B:$B,A10) -> 3
A11: C010 | B11: Teacher workload | C11: Maximum periods per week for a teacher | D11: Cap on total teaching periods in the week | E11: Priya should not have more than 28 periods a week | F11: workload_limit | G11: Supported | H11: Hard | I11: teacher, max_periods_per_week | J11: =COUNTIF(Phrasings!$B:$B,A11) -> 13
A12: C011 | B12: Teacher workload | C12: Minimum periods per week for a teacher | D12: Teacher must be given at least N periods (full-time load) | E12: Every full-time teacher must get at least 24 periods | F12: scheduling_rule | G12: Not yet (saved as note) | H12: Hard/Soft | I12: teacher or group, min per week | J12: =COUNTIF(Phrasings!$B:$B,A12) -> 3
A13: C012 | B13: Teacher workload | C13: Maximum periods per day for a teacher | D13: Cap on teaching periods in a single day | E13: No teacher should teach more than 6 periods in a day | F13: scheduling_rule | G13: Not yet (saved as note) | H13: Hard | I13: teacher or all, max per day | J13: =COUNTIF(Phrasings!$B:$B,A13) -> 4
... A101: C100 | B101: Unclear input | C101: Question, not a rule | D101: Admin asks something instead of stating a rule | E101: Can Mrs. Rao teach 8 periods on Monday? | F101: (no constraint) | G101: Needs clarification | H101: - | I101: answer / ask | J101: =COUNTIF(Phrasings!$B:$B,A101) -> 2

Sheet Phrasings
A1: # | B1: Constraint ID | C1: Constraint | D1: How the admin says it | E1: Style | F1: Expected parse | G1: Status
A2: 1 | B2: C001 | C2: Teacher unavailable on a whole day | D2: Mrs. Rao is not available on Saturday. | E2: Plain | F2: availability · teacher=Mrs. Rao · day=5 (Sat) | G2: Supported
A3: 2 | B3: C001 | C3: Teacher unavailable on a whole day | D3: Don't schedule Mrs. Rao on Saturdays. | E3: Negative | F3: availability · teacher=Mrs. Rao · day=5 (Sat) | G3: Supported
A4: 3 | B4: C001 | C4: Teacher unavailable on a whole day | D4: Mrs. Rao doesn't come to school on Saturdays. | E4: Indirect | F4: availability · teacher=Mrs. Rao · day=5 (Sat) | G4: Supported
A5: 4 | B5: C001 | C5: Teacher unavailable on a whole day | D5: Mrs. Rao has her PhD classes every Saturday so she won't be here. | E5: Reason given | F5: availability · teacher=Mrs. Rao · day=5 (Sat) | G5: Supported
A6: 5 | B6: C001 | C6: Teacher unavailable on a whole day | D6: rao mam off on sat | E6: Informal | F6: availability · teacher=Mrs. Rao · day=5 (Sat) | G6: Supported
A7: 6 | B7: C001 | C7: Teacher unavailable on a whole day | D7: Rao ma'am will not come on Saturday, kindly adjust. | E7: Indian English | F7: availability · teacher=Mrs. Rao · day=5 (Sat) | G7: Supported
A8: 7 | B8: C001 | C8: Teacher unavailable on a whole day | D8: Rao ma'am Saturday ko nahi aayengi. | E8: Hinglish | F8: availability · teacher=Mrs. Rao · day=5 (Sat) | G8: Supported
A9: 8 | B9: C001 | C9: Teacher unavailable on a whole day | D9: Can you make sure Mrs. Rao has no classes on Saturday? | E9: Question | F9: availability · teacher=Mrs. Rao · day=5 (Sat) | G9: Supported
A10: 9 | B10: C001 | C10: Teacher unavailable on a whole day | D10: Mrs Rao - Sat off | E10: Shorthand | F10: availability · teacher=Mrs. Rao · day=5 (Sat) | G10: Supported
A11: 10 | B11: C001 | C11: Teacher unavailable on a whole day | D11: Mrs Rao is not availabel on saturdy | E11: Typo | F11: availability · teacher=Mrs. Rao · day=5 (Sat) | G11: Supported
A12: 11 | B12: C001 | C12: Teacher unavailable on a whole day | D12: I've given Mrs. Rao Saturdays off, please keep her free. | E12: First person | F12: availability · teacher=Mrs. Rao · day=5 (Sat) | G12: Supported
A13: 12 | B13: C001 | C13: Teacher unavailable on a whole day | D13: No classes should be assigned to Mrs. Rao on Saturday. | E13: Passive | F13: availability · teacher=Mrs. Rao · day=5 (Sat) | G13: Supported
... A333: 332 | B333: C100 | C333: Question, not a rule | D333: Why is 8A's Maths always in the last period? | E333: Question | F333: no constraint | G333: Needs clarification

Sheet Ways of asking
A1: Dimension | B1: What varies | C1: Example (base rule: no PE first period for Grade 3) | D1: What the parser must do
A2: Negative command | B2: Rule stated as a prohibition | C2: Don't put PE in the first period for Grade 3. | D2: mode=exclude
A3: Positive requirement | B3: Rule stated as what must happen | C3: Grade 3's first period must be something other than PE. | D3: Recognise it's still an exclude
A4: Strength words - hard | B4: must, never, always, strictly, not allowed, compulsory, mandatory | C4: PE must never be first period for Grade 3. | D4: strength=hard
A5: Strength words - soft | B5: try, ideally, preferably, if possible, would be nice, avoid, as far as possible | C5: As far as possible avoid PE first period for Grade 3. | D5: strength=soft
A6: Question form | B6: Rule hidden inside a request | C6: Can you make sure Grade 3 doesn't get PE first thing? | D6: Still a constraint, not a question
A7: Passive voice | B7: No actor | C7: PE is not to be scheduled in period 1 for Grade 3. | D7: Same parse
A8: First person | B8: Admin speaks as I/we | C8: I don't want Grade 3 doing PE first period. | D8: Same parse
A9: Reason attached | B9: Justification before or after the rule | C9: The ground is wet in the morning, so Grade 3 can't have PE first. | D9: Ignore the reason, keep the rule
A10: Story / indirect | B10: Rule implied by a fact | C10: Grade 3's PE teacher only arrives after 9. | D10: Infer rule or map to teacher availability; confirm
A11: Conditional | B11: If/when/unless | C11: If it rains, PE moves indoors. / Unless it's Saturday, no PE first period. | D11: Conditions outside the weekly pattern -> note; 'unless day' -> exception
A12: Exception | B12: except, other than, apart from, but not | C12: No PE first period for any class except Grade 12. | D12: Base rule + exclusion scope
... A45: Nonexistent references | B45: Teachers, subjects or rooms not in setup | C45: Mr. Verma off Tuesday (no such teacher) | D45: Return null, don't guess

Sheet Traps
A1: Trap | B1: Example | C1: Why it's tricky | D1: Right handling
A2: 'Twice a week' vs 'twice a day' | B2: Maths twice a week for Grade 1. | C2: Periods per week is setup data, not max_subject_periods_per_day. | D2: Map to setup requirement or ask
A3: 'Less than' vs 'no more than' | B3: Priya should have less than 28 periods. | C3: Less than 28 = max 27; no more than 28 = max 28. | D3: Exact boundary
A4: 'After PE' direction | B4: Don't put PE right before Maths. | C4: Same as Maths can't follow PE: first=PE, second=Maths. | D4: subject_sequence with correct order
A5: 'Next to each other' is symmetric | B5: Maths and PE shouldn't be next to each other. | C5: Forbids both orders. | D5: min_gap_between_subjects, min_gap=1
A6: Same subject back to back | B6: No double English. | C6: One subject, consecutive -> max_consecutive_periods=1, not min_gap. | D6: max_consecutive_periods
A7: 'Last period' depends on the day | B7: Library in the 8th period. | C7: 8th is only 'last' if the day has 8 periods (Saturday may have 4). | D7: Prefer position=last only if they said last
A8: 'Weekend' | B8: Mrs. Rao doesn't work weekends. | C8: Only days the school runs matter (usually Saturday). | D8: Expand to school days only
A9: 'Morning' / 'afternoon' | B9: Maths only in the morning. | C9: Needs the break position to know where morning ends. | D9: Map using breaks, or ask
A10: 'CS' abbreviation | B10: CS on Monday for Grade 6. | C10: Computer Science or Communication Skills? SST vs Social Science too. | D10: Match against known subject list
A11: Titles and nicknames | B11: KS sir off Friday. | C11: Initials may match 2 teachers. | D11: Ask if not unique
A12: Grade vs section | B12: 8th has Maths first. | C12: All of Grade 8 or only one section? | D12: Default to whole grade, confirm
... A24: Contradiction | B24: Maths first every day / no Maths first on Monday. | C24: Both can't hold. | D24: Flag conflict

Sheet Coverage
A1: Status | B1: Constraint types | C1: Share of types | D1: Phrasings
A2: Supported | B2: =COUNTIF('Constraint types'!$G:$G,A2) -> 18 | C2: =IFERROR(B2/B8,0) -> 0.18 | D2: =COUNTIF(Phrasings!$G:$G,A2) -> 134
A3: Partly supported | B3: =COUNTIF('Constraint types'!$G:$G,A3) -> 6 | C3: =IFERROR(B3/B8,0) -> 0.06 | D3: =COUNTIF(Phrasings!$G:$G,A3) -> 21
A4: Not yet (saved as note) | B4: =COUNTIF('Constraint types'!$G:$G,A4) -> 57 | C4: =IFERROR(B4/B8,0) -> 0.57 | D4: =COUNTIF(Phrasings!$G:$G,A4) -> 139
A5: Setup data (not a rule) | B5: =COUNTIF('Constraint types'!$G:$G,A5) -> 12 | C5: =IFERROR(B5/B8,0) -> 0.12 | D5: =COUNTIF(Phrasings!$G:$G,A5) -> 23
A6: Edit command | B6: =COUNTIF('Constraint types'!$G:$G,A6) -> 3 | C6: =IFERROR(B6/B8,0) -> 0.03 | D6: =COUNTIF(Phrasings!$G:$G,A6) -> 5
A7: Needs clarification | B7: =COUNTIF('Constraint types'!$G:$G,A7) -> 4 | C7: =IFERROR(B7/B8,0) -> 0.04 | D7: =COUNTIF(Phrasings!$G:$G,A7) -> 10
A8: Total | B8: =SUM(B2:B7) -> 100 | C8: =SUM(C2:C7) -> 1 | D8: =SUM(D2:D7) -> 332
